method,p,n,trial,std,lam,theta,error,error_max,error_min
PPI,10,100,0,1.0,1.0,0.01098496630976371,0.012059855829726008,0.02958980559478807,0.00018203185745290502
Classical,10,100,0,1.0,,0.01098496630976371,0.01205985582972593,0.029589805594788222,0.00018203185745287507
PPI,10,100,1,1.0,1.0,0.01098496630976371,0.016279155087880606,0.034583085419724845,0.0001781627974446808
Classical,10,100,1,1.0,,0.01098496630976371,0.01627915508788053,0.03458308541972473,0.0001781627974446571
PPI,10,100,2,1.0,1.0,0.01098496630976371,0.007143965220055289,0.01858917774680372,5.3698729635862444e-05
Classical,10,100,2,1.0,,0.01098496630976371,0.007143965220055275,0.018589177746804023,5.369872963586895e-05
PPI,10,100,3,1.0,1.0,0.01098496630976371,0.017034278652352006,0.10764829677002813,0.0002761741238866163
Classical,10,100,3,1.0,,0.01098496630976371,0.017034278652352002,0.10764829677002838,0.0002761741238865942
PPI,10,100,4,1.0,1.0,0.01098496630976371,0.019155695765870395,0.043309510388246625,0.0018169221549059684
Classical,10,100,4,1.0,,0.01098496630976371,0.019155695765870614,0.04330951038824699,0.0018169221549059955
PPI,10,100,5,1.0,1.0,0.01098496630976371,0.018030728724851612,0.07702509274858665,0.0003968573834614199
Classical,10,100,5,1.0,,0.01098496630976371,0.018030728724851595,0.0770250927485864,0.00039685738346140886
PPI,10,100,6,1.0,1.0,0.01098496630976371,0.011112264870653537,0.04816326016001913,3.1565955444990174e-05
Classical,10,100,6,1.0,,0.01098496630976371,0.011112264870653355,0.04816326016001784,3.156595544498581e-05
PPI,10,100,7,1.0,1.0,0.01098496630976371,0.02882062153624289,0.18583168943351758,9.23683990945402e-06
Classical,10,100,7,1.0,,0.01098496630976371,0.028820621536242867,0.18583168943351747,9.23683990945537e-06
PPI,10,100,8,1.0,1.0,0.01098496630976371,0.012024319888810284,0.06899926685089301,6.610384041721337e-05
Classical,10,100,8,1.0,,0.01098496630976371,0.012024319888810298,0.06899926685089341,6.610384041719893e-05
PPI,10,100,9,1.0,1.0,0.01098496630976371,0.009654799620132496,0.037619415222771374,1.149118701374893e-05
Classical,10,100,9,1.0,,0.01098496630976371,0.009654799620132506,0.03761941522277109,1.1491187013746671e-05
PPI,10,100,10,1.0,1.0,0.01098496630976371,0.007720541588790033,0.031722974030249915,1.276250775791012e-05
Classical,10,100,10,1.0,,0.01098496630976371,0.007720541588789966,0.031722974030249027,1.2762507757897428e-05
PPI,10,100,11,1.0,1.0,0.01098496630976371,0.012806501779790569,0.03464677650801756,0.0012511226739856268
Classical,10,100,11,1.0,,0.01098496630976371,0.012806501779790615,0.03464677650801831,0.0012511226739856426
PPI,10,100,12,1.0,1.0,0.01098496630976371,0.009404324075866924,0.031446013123740055,0.00046777554549994136
Classical,10,100,12,1.0,,0.01098496630976371,0.009404324075866947,0.031446013123740325,0.00046777554549991496
PPI,10,100,13,1.0,1.0,0.01098496630976371,0.007184443093294937,0.02055750788496962,0.000628896664528838
Classical,10,100,13,1.0,,0.01098496630976371,0.007184443093294812,0.02055750788496993,0.0006288966645286265
PPI,10,100,14,1.0,1.0,0.01098496630976371,0.014137648867306599,0.059496914367882715,0.00019396865271033108
Classical,10,100,14,1.0,,0.01098496630976371,0.01413764886730658,0.05949691436788249,0.00019396865271034038
PPI,10,100,15,1.0,1.0,0.01098496630976371,0.009610335371332757,0.04556392562407044,1.1248440195138986e-06
Classical,10,100,15,1.0,,0.01098496630976371,0.009610335371332736,0.04556392562407018,1.1248440195134275e-06
PPI,10,100,16,1.0,1.0,0.01098496630976371,0.014629657572805896,0.040491830321003806,0.00023218128954908675
Classical,10,100,16,1.0,,0.01098496630976371,0.014629657572806012,0.04049183032100419,0.00023218128954903262
PPI,10,100,17,1.0,1.0,0.01098496630976371,0.009332509733291534,0.020993251905736133,3.461517517130197e-05
Classical,10,100,17,1.0,,0.01098496630976371,0.009332509733291533,0.02099325190573607,3.4615175171288905e-05
PPI,10,100,18,1.0,1.0,0.01098496630976371,0.008407296174925178,0.05756713768848405,5.596474955474809e-06
Classical,10,100,18,1.0,,0.01098496630976371,0.008407296174925104,0.057567137688483414,5.5964749554847896e-06
PPI,10,100,19,1.0,1.0,0.01098496630976371,0.007303563031814143,0.02356144049853914,0.00012792034568175688
Classical,10,100,19,1.0,,0.01098496630976371,0.00730356303181409,0.02356144049853941,0.0001279203456816715
PPI,10,100,20,1.0,1.0,0.01098496630976371,0.00939644001613722,0.05826851953910422,5.490664063743999e-06
Classical,10,100,20,1.0,,0.01098496630976371,0.009396440016137233,0.05826851953910443,5.490664063739317e-06
PPI,10,100,21,1.0,1.0,0.01098496630976371,0.010474031884329115,0.03350405684613486,0.00032464370186621017
Classical,10,100,21,1.0,,0.01098496630976371,0.010474031884329089,0.03350405684613465,0.00032464370186619017
PPI,10,100,22,1.0,1.0,0.01098496630976371,0.0067379811952892905,0.03643728931295586,4.9386752869054125e-05
Classical,10,100,22,1.0,,0.01098496630976371,0.006737981195289328,0.036437289312955985,4.938675286905881e-05
PPI,10,100,23,1.0,1.0,0.01098496630976371,0.025217683943282804,0.0895087505902623,0.00016242630146832106
Classical,10,100,23,1.0,,0.01098496630976371,0.025217683943282672,0.08950875059026216,0.00016242630146835784
PPI,10,100,24,1.0,1.0,0.01098496630976371,0.0034194806031336497,0.011463419661268672,0.0006636839918542785
Classical,10,100,24,1.0,,0.01098496630976371,0.0034194806031336345,0.011463419661268483,0.0006636839918542614
PPI,10,100,25,1.0,1.0,0.01098496630976371,0.0044556098828012905,0.020046389111746526,8.131592684845435e-05
Classical,10,100,25,1.0,,0.01098496630976371,0.004455609882801306,0.02004638911174662,8.131592684844634e-05
PPI,10,100,26,1.0,1.0,0.01098496630976371,0.012537547467572994,0.04050022101300218,3.9100393501758476e-05
Classical,10,100,26,1.0,,0.01098496630976371,0.012537547467573119,0.0405002210130024,3.910039350174251e-05
PPI,10,100,27,1.0,1.0,0.01098496630976371,0.010181495575480776,0.03142901861915876,0.0003713421158976539
Classical,10,100,27,1.0,,0.01098496630976371,0.010181495575480867,0.03142901861915888,0.0003713421158976785
PPI,10,100,28,1.0,1.0,0.01098496630976371,0.011706000318856167,0.05279370864369871,0.0008129235106810619
Classical,10,100,28,1.0,,0.01098496630976371,0.011706000318856262,0.052793708643699325,0.0008129235106810444
PPI,10,100,29,1.0,1.0,0.01098496630976371,0.004930034374375626,0.014595634723606159,0.000681037981019228
Classical,10,100,29,1.0,,0.01098496630976371,0.00493003437437571,0.014595634723606426,0.0006810379810191874
PPI,20,100,0,1.0,1.0,0.11329126126803586,0.006750736796170273,0.04427586714841419,2.4743438599523154e-07
Classical,20,100,0,1.0,,0.11329126126803586,0.006750736796170239,0.0442758671484136,2.47434385994348e-07
PPI,20,100,1,1.0,1.0,0.11329126126803586,0.0053827172102662215,0.013770005994292641,0.0001047053993619391
Classical,20,100,1,1.0,,0.11329126126803586,0.00538271721026621,0.013770005994292706,0.00010470539936193683
PPI,20,100,2,1.0,1.0,0.11329126126803586,0.016539670850208563,0.06716679239686464,0.00045704945885102625
Classical,20,100,2,1.0,,0.11329126126803586,0.016539670850208552,0.06716679239686447,0.00045704945885105
PPI,20,100,3,1.0,1.0,0.11329126126803586,0.016199011204973586,0.06512104440651899,6.829691985971598e-05
Classical,20,100,3,1.0,,0.11329126126803586,0.016199011204973614,0.06512104440651853,6.82969198597192e-05
PPI,20,100,4,1.0,1.0,0.11329126126803586,0.008920281383609063,0.040101319833104124,1.4929725470108755e-05
Classical,20,100,4,1.0,,0.11329126126803586,0.008920281383609069,0.040101319833104124,1.492972547012098e-05
PPI,20,100,5,1.0,1.0,0.11329126126803586,0.006038938050487567,0.02125535699847575,2.575957137951207e-05
Classical,20,100,5,1.0,,0.11329126126803586,0.0060389380504875245,0.021255356998474906,2.575957137952728e-05
PPI,20,100,6,1.0,1.0,0.11329126126803586,0.012371101020140166,0.05738489515997535,0.0004554333042285927
Classical,20,100,6,1.0,,0.11329126126803586,0.012371101020140144,0.057384895159975566,0.00045543330422852875
PPI,20,100,7,1.0,1.0,0.11329126126803586,0.005332718098139159,0.030777279863127838,4.3493571828774327e-07
Classical,20,100,7,1.0,,0.11329126126803586,0.005332718098139154,0.03077727986312782,4.3493571828723076e-07
PPI,20,100,8,1.0,1.0,0.11329126126803586,0.009648808069977581,0.07747763787231013,1.9314109626854386e-05
Classical,20,100,8,1.0,,0.11329126126803586,0.00964880806997756,0.0774776378723094,1.931410962686079e-05
PPI,20,100,9,1.0,1.0,0.11329126126803586,0.010569202103984121,0.09681488364205167,1.3580733178292125e-05
Classical,20,100,9,1.0,,0.11329126126803586,0.01056920210398411,0.0968148836420496,1.3580733178283943e-05
PPI,20,100,10,1.0,1.0,0.11329126126803586,0.016129753750691984,0.13377796741080833,2.535570881615627e-05
Classical,20,100,10,1.0,,0.11329126126803586,0.01612975375069187,0.1337779674108068,2.5355708816157665e-05
PPI,20,100,11,1.0,1.0,0.11329126126803586,0.009414748961246801,0.041571848469966144,4.6820466782723865e-07
Classical,20,100,11,1.0,,0.11329126126803586,0.009414748961246795,0.041571848469966095,4.682046678256813e-07
PPI,20,100,12,1.0,1.0,0.11329126126803586,0.00964837504526985,0.05516421279523989,9.753002673228234e-06
Classical,20,100,12,1.0,,0.11329126126803586,0.009648375045269773,0.05516421279524015,9.753002673222688e-06
PPI,20,100,13,1.0,1.0,0.11329126126803586,0.00753234620059461,0.06275465010821088,5.676077355707239e-05
Classical,20,100,13,1.0,,0.11329126126803586,0.007532346200594573,0.06275465010821085,5.676077355703893e-05
PPI,20,100,14,1.0,1.0,0.11329126126803586,0.020225169888530424,0.15910078954511153,2.079362795030022e-05
Classical,20,100,14,1.0,,0.11329126126803586,0.020225169888530355,0.1591007895451109,2.079362795030895e-05
PPI,20,100,15,1.0,1.0,0.11329126126803586,0.0053404915551328895,0.01682873940375819,4.361728777049367e-05
Classical,20,100,15,1.0,,0.11329126126803586,0.0053404915551328695,0.016828739403758074,4.3617287770509075e-05
PPI,20,100,16,1.0,1.0,0.11329126126803586,0.011806642814054543,0.02909009719650217,5.071092357674265e-06
Classical,20,100,16,1.0,,0.11329126126803586,0.0118066428140546,0.029090097196502258,5.071092357668765e-06
PPI,20,100,17,1.0,1.0,0.11329126126803586,0.01018980316815213,0.05444354520153143,5.316498912264509e-06
Classical,20,100,17,1.0,,0.11329126126803586,0.010189803168152102,0.05444354520153215,5.316498912276796e-06
PPI,20,100,18,1.0,1.0,0.11329126126803586,0.012899990914720438,0.0718308806089558,1.2571634081105753e-06
Classical,20,100,18,1.0,,0.11329126126803586,0.012899990914720333,0.07183088060895435,1.2571634081109332e-06
PPI,20,100,19,1.0,1.0,0.11329126126803586,0.013258406287069827,0.10376512311693546,2.933864949752401e-07
Classical,20,100,19,1.0,,0.11329126126803586,0.013258406287069901,0.10376512311693682,2.9338649497487933e-07
PPI,20,100,20,1.0,1.0,0.11329126126803586,0.0057697950786496045,0.01930222476825558,3.0125819809577896e-05
Classical,20,100,20,1.0,,0.11329126126803586,0.005769795078649567,0.019302224768255213,3.0125819809599835e-05
PPI,20,100,21,1.0,1.0,0.11329126126803586,0.013956214227863726,0.07719227151972198,5.2993921325832934e-06
Classical,20,100,21,1.0,,0.11329126126803586,0.01395621422786365,0.07719227151972216,5.2993921325817595e-06
PPI,20,100,22,1.0,1.0,0.11329126126803586,0.01752407069619159,0.07329388941821344,7.416940511760369e-05
Classical,20,100,22,1.0,,0.11329126126803586,0.017524070696191652,0.0732938894182144,7.416940511760369e-05
PPI,20,100,23,1.0,1.0,0.11329126126803586,0.012400252290123367,0.04845272173101113,5.099337527147986e-05
Classical,20,100,23,1.0,,0.11329126126803586,0.012400252290123497,0.048452721731011276,5.099337527149254e-05
PPI,20,100,24,1.0,1.0,0.11329126126803586,0.008343732138527292,0.04195236706445974,4.4431487106106756e-07
Classical,20,100,24,1.0,,0.11329126126803586,0.008343732138527302,0.04195236706445983,4.4431487105914347e-07
PPI,20,100,25,1.0,1.0,0.11329126126803586,0.005509035591752781,0.03414165990802227,6.590060574267214e-07
Classical,20,100,25,1.0,,0.11329126126803586,0.005509035591752811,0.03414165990802203,6.590060574266312e-07
PPI,20,100,26,1.0,1.0,0.11329126126803586,0.009385917333691022,0.02934194338644669,1.8494151102643008e-05
Classical,20,100,26,1.0,,0.11329126126803586,0.00938591733369106,0.02934194338644703,1.8494151102653033e-05
PPI,20,100,27,1.0,1.0,0.11329126126803586,0.013385582474259744,0.061201742746311266,4.303957962350002e-05
Classical,20,100,27,1.0,,0.11329126126803586,0.013385582474259718,0.061201742746311225,4.303957962351022e-05
PPI,20,100,28,1.0,1.0,0.11329126126803586,0.009378673782472065,0.0275666610131041,9.271295075442238e-06
Classical,20,100,28,1.0,,0.11329126126803586,0.009378673782472102,0.027566661013104246,9.271295075444942e-06
PPI,20,100,29,1.0,1.0,0.11329126126803586,0.008046473962781055,0.06191235713367392,2.6738815208727058e-05
Classical,20,100,29,1.0,,0.11329126126803586,0.008046473962781062,0.061912357133675246,2.6738815208730504e-05
PPI,50,100,0,1.0,1.0,-0.1508618590942927,0.013163380523259691,0.09299022050781339,1.3476855451315292e-05
Classical,50,100,0,1.0,,-0.1508618590942927,0.013163380523259698,0.0929902205078135,1.3476855451296544e-05
PPI,50,100,1,1.0,1.0,-0.1508618590942927,0.021124455052534283,0.2336122818927735,1.3782978202436301e-06
Classical,50,100,1,1.0,,-0.1508618590942927,0.021124455052534255,0.2336122818927723,1.378297820241284e-06
PPI,50,100,2,1.0,1.0,-0.1508618590942927,0.012837034187100003,0.09907475554311578,1.726886666360464e-05
Classical,50,100,2,1.0,,-0.1508618590942927,0.012837034187100058,0.09907475554311732,1.7268866663579262e-05
PPI,50,100,3,1.0,1.0,-0.1508618590942927,0.01733872247624113,0.12959572276465695,7.149749859205701e-08
Classical,50,100,3,1.0,,-0.1508618590942927,0.017338722476241207,0.12959572276465656,7.149749859115157e-08
PPI,50,100,4,1.0,1.0,-0.1508618590942927,0.024533297386101736,0.14207486403403913,3.617400289802106e-05
Classical,50,100,4,1.0,,-0.1508618590942927,0.024533297386101674,0.14207486403404176,3.617400289798367e-05
PPI,50,100,5,1.0,1.0,-0.1508618590942927,0.018322618723512162,0.12813368376055656,7.843909033186036e-05
Classical,50,100,5,1.0,,-0.1508618590942927,0.01832261872351221,0.1281336837605584,7.843909033186429e-05
PPI,50,100,6,1.0,1.0,-0.1508618590942927,0.029780973839608555,0.18392666471900337,1.0543113420008583e-06
Classical,50,100,6,1.0,,-0.1508618590942927,0.02978097383960851,0.1839266647190008,1.0543113419949304e-06
PPI,50,100,7,1.0,1.0,-0.1508618590942927,0.02258764782364987,0.22002621938467398,0.0001099956714758604
Classical,50,100,7,1.0,,-0.1508618590942927,0.022587647823649762,0.22002621938467248,0.00010999567147586506
PPI,50,100,8,1.0,1.0,-0.1508618590942927,0.018051545477828078,0.14215126888906843,7.256511161897088e-06
Classical,50,100,8,1.0,,-0.1508618590942927,0.018051545477828012,0.142151268889069,7.256511161910845e-06
PPI,50,100,9,1.0,1.0,-0.1508618590942927,0.012959021608799148,0.06724638270498585,9.067947442213361e-07
Classical,50,100,9,1.0,,-0.1508618590942927,0.012959021608799172,0.06724638270498597,9.067947442166844e-07
PPI,50,100,10,1.0,1.0,-0.1508618590942927,0.026967119964555586,0.20235677479308975,1.1866049711321393e-05
Classical,50,100,10,1.0,,-0.1508618590942927,0.026967119964555634,0.20235677479309055,1.1866049711309153e-05
PPI,50,100,11,1.0,1.0,-0.1508618590942927,0.012658125794720863,0.08315022334658327,2.0701203500451398e-05
Classical,50,100,11,1.0,,-0.1508618590942927,0.012658125794720863,0.08315022334658212,2.0701203500447356e-05
PPI,50,100,12,1.0,1.0,-0.1508618590942927,0.022876367187165264,0.11093629318057967,1.3248102732421473e-06
Classical,50,100,12,1.0,,-0.1508618590942927,0.022876367187165257,0.11093629318058089,1.3248102732458531e-06
PPI,50,100,13,1.0,1.0,-0.1508618590942927,0.030257409742997513,0.20338449568495967,1.8379395649138155e-05
Classical,50,100,13,1.0,,-0.1508618590942927,0.03025740974299748,0.20338449568495826,1.837939564915529e-05
PPI,50,100,14,1.0,1.0,-0.1508618590942927,0.016714684600437305,0.07896236856899934,5.370685236530884e-06
Classical,50,100,14,1.0,,-0.1508618590942927,0.016714684600437256,0.07896236856899971,5.370685236525353e-06
PPI,50,100,15,1.0,1.0,-0.1508618590942927,0.024230873931873113,0.13670720791980884,1.002384122819691e-05
Classical,50,100,15,1.0,,-0.1508618590942927,0.024230873931872957,0.13670720791980695,1.0023841228227841e-05
PPI,50,100,16,1.0,1.0,-0.1508618590942927,0.012922240400945497,0.06803243543159221,2.5876587389140106e-05
Classical,50,100,16,1.0,,-0.1508618590942927,0.01292224040094544,0.06803243543159106,2.587658738914999e-05
PPI,50,100,17,1.0,1.0,-0.1508618590942927,0.01337980298119018,0.07396064229831244,1.0977787677029955e-05
Classical,50,100,17,1.0,,-0.1508618590942927,0.01337980298119021,0.07396064229831283,1.097778767703106e-05
PPI,50,100,18,1.0,1.0,-0.1508618590942927,0.016333911263632473,0.15094234767577078,1.0269373958303952e-06
Classical,50,100,18,1.0,,-0.1508618590942927,0.016333911263632463,0.15094234767577117,1.0269373958252198e-06
PPI,50,100,19,1.0,1.0,-0.1508618590942927,0.02137116493543248,0.1128443631110827,7.523824489996545e-08
Classical,50,100,19,1.0,,-0.1508618590942927,0.02137116493543229,0.11284436311108374,7.523824490026999e-08
PPI,50,100,20,1.0,1.0,-0.1508618590942927,0.015351956145565773,0.1063580101937425,5.841751192677757e-06
Classical,50,100,20,1.0,,-0.1508618590942927,0.015351956145565686,0.10635801019374229,5.84175119266917e-06
PPI,50,100,21,1.0,1.0,-0.1508618590942927,0.015718760988696158,0.09039642283703615,3.556956101919914e-06
Classical,50,100,21,1.0,,-0.1508618590942927,0.01571876098869612,0.09039642283703549,3.5569561019144698e-06
PPI,50,100,22,1.0,1.0,-0.1508618590942927,0.029952813795047762,0.2049098494764135,5.65688011913515e-07
Classical,50,100,22,1.0,,-0.1508618590942927,0.029952813795047727,0.20490984947641178,5.65688011912012e-07
PPI,50,100,23,1.0,1.0,-0.1508618590942927,0.03279133855770867,0.13394560347930634,9.326867678402454e-09
Classical,50,100,23,1.0,,-0.1508618590942927,0.032791338557708605,0.1339456034793078,9.326867678606173e-09
PPI,50,100,24,1.0,1.0,-0.1508618590942927,0.02010235456567254,0.21190038508098394,0.00011841120940515137
Classical,50,100,24,1.0,,-0.1508618590942927,0.020102354565672543,0.2119003850809826,0.00011841120940515016
PPI,50,100,25,1.0,1.0,-0.1508618590942927,0.03002100493564261,0.25951681205665433,5.488607068861795e-06
Classical,50,100,25,1.0,,-0.1508618590942927,0.03002100493564264,0.25951681205665883,5.488607068857374e-06
PPI,50,100,26,1.0,1.0,-0.1508618590942927,0.020765737903273823,0.11926338674716946,0.00020352872751198974
Classical,50,100,26,1.0,,-0.1508618590942927,0.02076573790327377,0.119263386747171,0.0002035287275120056
PPI,50,100,27,1.0,1.0,-0.1508618590942927,0.021043189656156844,0.1559569678750171,9.773956637653572e-06
Classical,50,100,27,1.0,,-0.1508618590942927,0.021043189656156792,0.15595696787501653,9.773956637659125e-06
PPI,50,100,28,1.0,1.0,-0.1508618590942927,0.018333348796397683,0.12494749038017319,1.3255765692206375e-05
Classical,50,100,28,1.0,,-0.1508618590942927,0.01833334879639759,0.12494749038017343,1.3255765692195057e-05
PPI,50,100,29,1.0,1.0,-0.1508618590942927,0.020401881693129974,0.20043051836427675,2.3958633355450165e-06
Classical,50,100,29,1.0,,-0.1508618590942927,0.020401881693129953,0.2004305183642768,2.3958633355470786e-06
PPI,100,100,0,1.0,1.0,0.013463927799323268,1.0641811196721127,6.27631720252254,0.00010780249805881374
Classical,100,100,0,1.0,,0.013463927799323268,1.0641811196721305,6.2763172025226375,0.00010780249805903737
PPI,100,100,1,1.0,1.0,0.013463927799323268,7.946559051989309,77.21252891923824,0.0033493281160515923
Classical,100,100,1,1.0,,0.013463927799323268,7.9465590519893725,77.21252891923892,0.003349328116051695
PPI,100,100,2,1.0,1.0,0.013463927799323268,9.900519613405836,92.97801151572955,0.0006547331205515175
Classical,100,100,2,1.0,,0.013463927799323268,9.90051961340588,92.97801151572989,0.000654733120551433
PPI,100,100,3,1.0,1.0,0.013463927799323268,4.907214118591334,25.437097203486562,0.0003598839600139735
Classical,100,100,3,1.0,,0.013463927799323268,4.907214118591338,25.437097203486605,0.0003598839600135818
PPI,100,100,4,1.0,1.0,0.013463927799323268,16.07918254156904,101.4449609394694,0.000629091061130564
Classical,100,100,4,1.0,,0.013463927799323268,16.07918254156904,101.44496093946944,0.0006290910611307854
PPI,100,100,5,1.0,1.0,0.013463927799323268,0.8516296286227621,5.741835406452179,1.772706741706271e-05
Classical,100,100,5,1.0,,0.013463927799323268,0.8516296286227876,5.741835406452468,1.7727067417117402e-05
PPI,100,100,6,1.0,1.0,0.013463927799323268,2.8578083889358505,11.258770584287287,0.002973560089344489
Classical,100,100,6,1.0,,0.013463927799323268,2.857808388935811,11.258770584287058,0.0029735600893467167
PPI,100,100,7,1.0,1.0,0.013463927799323268,0.8065276972155152,8.728466165617846,3.025662396201597e-06
Classical,100,100,7,1.0,,0.013463927799323268,0.8065276972155219,8.728466165617862,3.0256623962183016e-06
PPI,100,100,8,1.0,1.0,0.013463927799323268,409.97941761834494,4879.6165627988275,1.1082418147299453
Classical,100,100,8,1.0,,0.013463927799323268,409.979417618351,4879.616562798907,1.1082418147299475
PPI,100,100,9,1.0,1.0,0.013463927799323268,2.886368621127618,23.124626772792805,0.00016924631851371368
Classical,100,100,9,1.0,,0.013463927799323268,2.8863686211276343,23.124626772792944,0.00016924631851339593
PPI,100,100,10,1.0,1.0,0.013463927799323268,2.90626516481964,22.340232437139075,1.6197634667570645e-05
Classical,100,100,10,1.0,,0.013463927799323268,2.906265164819617,22.340232437138884,1.6197634667585614e-05
PPI,100,100,11,1.0,1.0,0.013463927799323268,3.806811667609048,28.70267545612924,0.00010654142705387822
Classical,100,100,11,1.0,,0.013463927799323268,3.8068116676090415,28.702675456129153,0.00010654142705376017
PPI,100,100,12,1.0,1.0,0.013463927799323268,24.510462327775734,168.84952968222353,0.01268513376978
Classical,100,100,12,1.0,,0.013463927799323268,24.510462327775357,168.84952968222117,0.01268513376978065
PPI,100,100,13,1.0,1.0,0.013463927799323268,12.379264776292235,72.4099643841755,0.003633509906736553
Classical,100,100,13,1.0,,0.013463927799323268,12.379264776292121,72.40996438417488,0.003633509906737189
PPI,100,100,14,1.0,1.0,0.013463927799323268,13.995526227644422,92.36809299546395,0.0022621389468239
Classical,100,100,14,1.0,,0.013463927799323268,13.995526227644314,92.36809299546334,0.0022621389468240874
PPI,100,100,15,1.0,1.0,0.013463927799323268,3.910477762990771,32.21551272091025,4.866208416707294e-05
Classical,100,100,15,1.0,,0.013463927799323268,3.910477762990802,32.21551272091042,4.8662084167141866e-05
PPI,100,100,16,1.0,1.0,0.013463927799323268,24.260843848987758,240.85642779134403,0.00022195017367892468
Classical,100,100,16,1.0,,0.013463927799323268,24.260843848987903,240.85642779134525,0.00022195017367892137
PPI,100,100,17,1.0,1.0,0.013463927799323268,3.617135431665963,17.282072661162506,0.00010508169047641391
Classical,100,100,17,1.0,,0.013463927799323268,3.6171354316659516,17.282072661162506,0.00010508169047615897
PPI,100,100,18,1.0,1.0,0.013463927799323268,37.14651641576941,279.1049086467487,0.0015442758639867481
Classical,100,100,18,1.0,,0.013463927799323268,37.14651641576892,279.1049086467448,0.0015442758639851075
PPI,100,100,19,1.0,1.0,0.013463927799323268,2.4653542349225073,17.549944814216204,0.001114711343187545
Classical,100,100,19,1.0,,0.013463927799323268,2.4653542349224953,17.549944814216172,0.0011147113431877564
PPI,100,100,20,1.0,1.0,0.013463927799323268,121.10483926319115,1142.836334177534,0.0003340726107718292
Classical,100,100,20,1.0,,0.013463927799323268,121.10483926318739,1142.8363341774939,0.00033407261077186877
PPI,100,100,21,1.0,1.0,0.013463927799323268,0.8473793786805992,6.384624348780301,0.0009632473785691406
Classical,100,100,21,1.0,,0.013463927799323268,0.8473793786805883,6.38462434878022,0.0009632473785694025
PPI,100,100,22,1.0,1.0,0.013463927799323268,0.5201583062484906,4.891537541521946,6.507367566773364e-06
Classical,100,100,22,1.0,,0.013463927799323268,0.520158306248481,4.89153754152185,6.5073675667920555e-06
PPI,100,100,23,1.0,1.0,0.013463927799323268,1.9355070879012721,10.887928503970782,0.0001130381700607605
Classical,100,100,23,1.0,,0.013463927799323268,1.9355070879012504,10.8879285039706,0.00011303817006076523
PPI,100,100,24,1.0,1.0,0.013463927799323268,30.362150732761023,184.18115188125344,0.004469988404470104
Classical,100,100,24,1.0,,0.013463927799323268,30.362150732760938,184.18115188125265,0.004469988404469763
PPI,100,100,25,1.0,1.0,0.013463927799323268,10.498089314399099,77.44292099711058,9.397141172022178e-05
Classical,100,100,25,1.0,,0.013463927799323268,10.498089314399142,77.4429209971105,9.397141172021102e-05
PPI,100,100,26,1.0,1.0,0.013463927799323268,2.137656104420109,17.31645238956636,0.0005108499171843038
Classical,100,100,26,1.0,,0.013463927799323268,2.1376561044201714,17.31645238956691,0.0005108499171842473
PPI,100,100,27,1.0,1.0,0.013463927799323268,729.4078750057421,4100.611047740227,0.02093216832200782
Classical,100,100,27,1.0,,0.013463927799323268,729.407875005738,4100.611047740205,0.02093216832200684
PPI,100,100,28,1.0,1.0,0.013463927799323268,1.1049819517595234,8.950308633683836,0.0011154326083398542
Classical,100,100,28,1.0,,0.013463927799323268,1.1049819517595112,8.950308633683713,0.0011154326083398672
PPI,100,100,29,1.0,1.0,0.013463927799323268,4.077334374805622,39.9764148935366,0.00018849983706768287
Classical,100,100,29,1.0,,0.013463927799323268,4.077334374805576,39.976414893536244,0.00018849983706759445
PPI,200,100,0,1.0,1.0,-0.04564845332466769,0.004059774613664745,0.030246737302391254,3.2607336768458504e-07
Classical,200,100,0,1.0,,-0.04564845332466769,0.17756587937859994,1.5351577714417286,3.778071781143029e-09
PPI,200,100,1,1.0,1.0,-0.04564845332466769,0.0052601802681027056,0.052824735110119925,1.2838047197797326e-07
Classical,200,100,1,1.0,,-0.04564845332466769,0.17277845108232065,1.3832900232090743,6.482231344535186e-07
PPI,200,100,2,1.0,1.0,-0.04564845332466769,0.005573285193428748,0.0820807636208296,1.064368813426529e-06
Classical,200,100,2,1.0,,-0.04564845332466769,0.19041972646818614,1.7384781111871161,4.036438965959884e-09
PPI,200,100,3,1.0,1.0,-0.04564845332466769,0.004963961566784977,0.0780528378412758,3.1414074531609706e-08
Classical,200,100,3,1.0,,-0.04564845332466769,0.18640356773058567,1.1269893608921302,7.237733762250004e-06
PPI,200,100,4,1.0,1.0,-0.04564845332466769,0.006685765939774484,0.05177534105568876,9.038429905779332e-08
Classical,200,100,4,1.0,,-0.04564845332466769,0.16006587938651223,1.5075452369135736,1.3556684238007506e-06
PPI,200,100,5,1.0,1.0,-0.04564845332466769,0.005711386479254659,0.053829441455376034,8.984694192729623e-07
Classical,200,100,5,1.0,,-0.04564845332466769,0.17554422731328775,1.122557925468315,5.041191141123861e-06
PPI,200,100,6,1.0,1.0,-0.04564845332466769,0.005094322425000782,0.03896151733097069,2.7376851581250327e-08
Classical,200,100,6,1.0,,-0.04564845332466769,0.14493291125636823,0.840765863458975,5.966943097159197e-07
PPI,200,100,7,1.0,1.0,-0.04564845332466769,0.004633874693564127,0.043334020257991525,6.954343786524803e-07
Classical,200,100,7,1.0,,-0.04564845332466769,0.19370356250034526,1.7141513557396353,1.0605392424328138e-05
PPI,200,100,8,1.0,1.0,-0.04564845332466769,0.004708727071910784,0.034629253033523814,4.0588343500191106e-07
Classical,200,100,8,1.0,,-0.04564845332466769,0.1875935622389292,1.7870753276625397,1.4447069905763231e-05
PPI,200,100,9,1.0,1.0,-0.04564845332466769,0.004925371109919362,0.03838361400666475,3.459341736316898e-07
Classical,200,100,9,1.0,,-0.04564845332466769,0.17859364962167718,2.0030507522549117,1.225327969074955e-06
PPI,200,100,10,1.0,1.0,-0.04564845332466769,0.005884083676384013,0.04327061923262073,2.317709096261328e-06
Classical,200,100,10,1.0,,-0.04564845332466769,0.16570486979454901,1.3824781883328847,0.0005847577046506152
PPI,200,100,11,1.0,1.0,-0.04564845332466769,0.00564849984185757,0.04262882705820743,3.2126116958187495e-09
Classical,200,100,11,1.0,,-0.04564845332466769,0.19293778446777707,1.4863894430046447,3.748151369896695e-09
PPI,200,100,12,1.0,1.0,-0.04564845332466769,0.004492977956761507,0.03147967405791854,3.2114601545173347e-09
Classical,200,100,12,1.0,,-0.04564845332466769,0.19208780321744942,1.5123478303370634,2.379215967301965e-06
PPI,200,100,13,1.0,1.0,-0.04564845332466769,0.0043304003307652154,0.046844104913142434,7.587759451288373e-10
Classical,200,100,13,1.0,,-0.04564845332466769,0.1314265292501149,1.0861075822168238,2.027455374940496e-07
PPI,200,100,14,1.0,1.0,-0.04564845332466769,0.005744297388795985,0.04403567332489807,5.0867003895341445e-06
Classical,200,100,14,1.0,,-0.04564845332466769,0.16178998353531426,1.1153316129050035,9.964836641470235e-08
PPI,200,100,15,1.0,1.0,-0.04564845332466769,0.004422976347145852,0.0578617056988366,1.3024141883801193e-10
Classical,200,100,15,1.0,,-0.04564845332466769,0.19338274314291698,1.043562249836473,2.7248206695502488e-06
PPI,200,100,16,1.0,1.0,-0.04564845332466769,0.00512193838955295,0.040733251431713725,2.496545779300802e-09
Classical,200,100,16,1.0,,-0.04564845332466769,0.18152274359132803,1.159633404025151,7.661996403225796e-06
PPI,200,100,17,1.0,1.0,-0.04564845332466769,0.006681022537208164,0.06079183262908126,7.985949730286575e-08
Classical,200,100,17,1.0,,-0.04564845332466769,0.1404247866778056,1.2138568426133312,4.499951713338146e-08
PPI,200,100,18,1.0,1.0,-0.04564845332466769,0.0039123964865680145,0.044110477929237626,1.1995185325798269e-06
Classical,200,100,18,1.0,,-0.04564845332466769,0.1932573994577721,1.2954187723719366,1.7054681597656054e-06
PPI,200,100,19,1.0,1.0,-0.04564845332466769,0.0048048793728868305,0.03653853040541516,2.3956465505045726e-08
Classical,200,100,19,1.0,,-0.04564845332466769,0.18284624050242212,1.5413128043441187,9.165981193325512e-08
PPI,200,100,20,1.0,1.0,-0.04564845332466769,0.005057968188061832,0.044852578253837726,6.676149105253643e-07
Classical,200,100,20,1.0,,-0.04564845332466769,0.1705142301754043,1.179390062329655,5.770810680469482e-07
PPI,200,100,21,1.0,1.0,-0.04564845332466769,0.005051986671729552,0.06665923018598939,1.6965542204571737e-07
Classical,200,100,21,1.0,,-0.04564845332466769,0.16869729033551784,1.3448755642592547,1.4074877577354605e-06
PPI,200,100,22,1.0,1.0,-0.04564845332466769,0.004923044869531882,0.05240496516591122,1.8523044497983278e-07
Classical,200,100,22,1.0,,-0.04564845332466769,0.18262043816779985,1.430424484998599,9.867511358653253e-05
PPI,200,100,23,1.0,1.0,-0.04564845332466769,0.004325070884786606,0.03736670620161884,2.1918115817109541e-07
Classical,200,100,23,1.0,,-0.04564845332466769,0.15277418019416364,1.3302830764194367,6.918178352981106e-07
PPI,200,100,24,1.0,1.0,-0.04564845332466769,0.00516499367188898,0.045063486637087,6.4788991601282564e-09
Classical,200,100,24,1.0,,-0.04564845332466769,0.13092670693949782,0.7376567543552338,5.109310161352558e-08
PPI,200,100,25,1.0,1.0,-0.04564845332466769,0.006043500476349142,0.07092778841703157,2.980708961330254e-07
Classical,200,100,25,1.0,,-0.04564845332466769,0.1545593761445861,1.152748682053106,7.464241420063949e-06
PPI,200,100,26,1.0,1.0,-0.04564845332466769,0.00575632112412895,0.05515895847780322,2.692073583167204e-07
Classical,200,100,26,1.0,,-0.04564845332466769,0.17495409351937688,1.3202821133929972,1.3559725053337195e-05
PPI,200,100,27,1.0,1.0,-0.04564845332466769,0.004688496027799357,0.032964968242144704,5.202830308728301e-08
Classical,200,100,27,1.0,,-0.04564845332466769,0.17402113694706287,1.1853248533424818,9.272610189052372e-06
PPI,200,100,28,1.0,1.0,-0.04564845332466769,0.004339766531297432,0.02542588396758549,1.5270744075519054e-07
Classical,200,100,28,1.0,,-0.04564845332466769,0.1700802753083225,1.89894256310514,1.6284909335599257e-05
PPI,200,100,29,1.0,1.0,-0.04564845332466769,0.005463804639355831,0.072590817128205,2.7857549934187994e-07
Classical,200,100,29,1.0,,-0.04564845332466769,0.17452250903342928,1.1654589047640846,5.122599281144952e-07
PPI,500,100,0,1.0,1.0,-0.011809879501150632,0.0010349910790693189,0.011058170553372968,2.069564637550205e-10
Classical,500,100,0,1.0,,-0.011809879501150632,0.2627912345905486,1.3517869602766943,9.953637778317449e-07
PPI,500,100,1,1.0,1.0,-0.011809879501150632,0.0010392916764033196,0.011044543334807904,5.588700052669746e-10
Classical,500,100,1,1.0,,-0.011809879501150632,0.25180175842082614,1.5281508702744273,3.3495174182804976e-08
PPI,500,100,2,1.0,1.0,-0.011809879501150632,0.0009996890312928956,0.011691924308508489,7.21309294695826e-10
Classical,500,100,2,1.0,,-0.011809879501150632,0.25960697246070985,1.4024188697119424,7.657042343839356e-08
PPI,500,100,3,1.0,1.0,-0.011809879501150632,0.0010003427144048358,0.011571269958130861,4.772534413256198e-09
Classical,500,100,3,1.0,,-0.011809879501150632,0.2433375052883539,2.1564453579155534,2.540115541261117e-05
PPI,500,100,4,1.0,1.0,-0.011809879501150632,0.0009185576432507847,0.00944982841417568,1.597943101058378e-08
Classical,500,100,4,1.0,,-0.011809879501150632,0.26287713632799203,1.598947890852226,1.3781784002747886e-07
PPI,500,100,5,1.0,1.0,-0.011809879501150632,0.001141502779953997,0.013153680566087666,9.555516127335988e-09
Classical,500,100,5,1.0,,-0.011809879501150632,0.26165008416014496,1.754797351495576,1.5638991357839644e-07
PPI,500,100,6,1.0,1.0,-0.011809879501150632,0.000987652812117632,0.01008951368015759,9.008933659635018e-08
Classical,500,100,6,1.0,,-0.011809879501150632,0.2465534255601256,1.5609817577338305,2.5288265607759724e-07
PPI,500,100,7,1.0,1.0,-0.011809879501150632,0.00105200991141691,0.00912125516254827,6.29519302670922e-13
Classical,500,100,7,1.0,,-0.011809879501150632,0.26237682772613957,1.675430580432838,1.3422273963669679e-08
PPI,500,100,8,1.0,1.0,-0.011809879501150632,0.0010385522346074362,0.01199705799543133,3.0175805103411804e-09
Classical,500,100,8,1.0,,-0.011809879501150632,0.2677218094521632,1.6186508785775473,1.6171361087575954e-06
PPI,500,100,9,1.0,1.0,-0.011809879501150632,0.0011985195576604145,0.01711833149051785,2.017374748668975e-08
Classical,500,100,9,1.0,,-0.011809879501150632,0.2630678782221572,2.4580943959803134,6.778265413827413e-06
PPI,500,100,10,1.0,1.0,-0.011809879501150632,0.0009929965298605748,0.009104592318456395,1.316430806356992e-08
Classical,500,100,10,1.0,,-0.011809879501150632,0.25962643655361556,1.2896215125137311,1.197927452751906e-06
PPI,500,100,11,1.0,1.0,-0.011809879501150632,0.0009794501144162059,0.010948184810656488,8.620965858836747e-08
Classical,500,100,11,1.0,,-0.011809879501150632,0.26066329009458894,2.481594225642033,1.5498336909200033e-08
PPI,500,100,12,1.0,1.0,-0.011809879501150632,0.0010171506164945777,0.010067756172504126,3.641449711812655e-10
Classical,500,100,12,1.0,,-0.011809879501150632,0.2573221146797054,2.2874979673537545,5.483354099183547e-07
PPI,500,100,13,1.0,1.0,-0.011809879501150632,0.0011498197573464842,0.010822886553025496,9.233593070253133e-12
Classical,500,100,13,1.0,,-0.011809879501150632,0.2643403103452316,1.6473348913800039,1.1299568620463188e-05
PPI,500,100,14,1.0,1.0,-0.011809879501150632,0.0012155450682258316,0.01066289122317657,8.404106958469784e-09
Classical,500,100,14,1.0,,-0.011809879501150632,0.26822836850575177,1.5107965384472284,8.267046910773776e-06
PPI,500,100,15,1.0,1.0,-0.011809879501150632,0.0009923791528689354,0.008094978088050424,2.6393555691243447e-07
Classical,500,100,15,1.0,,-0.011809879501150632,0.25177388312732046,1.7152408028328665,4.463138776463811e-06
PPI,500,100,16,1.0,1.0,-0.011809879501150632,0.0011615210582366694,0.011931736647334476,1.7813202369608755e-10
Classical,500,100,16,1.0,,-0.011809879501150632,0.27237650485684006,1.8131842868952792,1.1589823078806729e-05
PPI,500,100,17,1.0,1.0,-0.011809879501150632,0.0009376740825918004,0.010128998225071436,8.048151953295413e-09
Classical,500,100,17,1.0,,-0.011809879501150632,0.2635646065598771,1.2629913124747734,5.397531231814065e-08
PPI,500,100,18,1.0,1.0,-0.011809879501150632,0.0011329941354369542,0.01567590375297506,6.027867464922436e-10
Classical,500,100,18,1.0,,-0.011809879501150632,0.27468283503767976,1.7986547080159652,7.127626662240807e-06
PPI,500,100,19,1.0,1.0,-0.011809879501150632,0.001090493942659828,0.019390591412656644,2.1997008294441035e-10
Classical,500,100,19,1.0,,-0.011809879501150632,0.2663194007328162,1.676529366442696,1.1907112054503727e-05
PPI,500,100,20,1.0,1.0,-0.011809879501150632,0.0010303142718963798,0.009417954035479322,1.581771709670816e-08
Classical,500,100,20,1.0,,-0.011809879501150632,0.2500177162978807,1.6878947657082386,1.9150129458093142e-05
PPI,500,100,21,1.0,1.0,-0.011809879501150632,0.0011609554578154645,0.012775289140511091,4.9716220866838514e-08
Classical,500,100,21,1.0,,-0.011809879501150632,0.26338879602937737,1.4507867166595843,8.413987535955443e-06
PPI,500,100,22,1.0,1.0,-0.011809879501150632,0.0010586018780153778,0.009037006611094479,1.4226316154021149e-10
Classical,500,100,22,1.0,,-0.011809879501150632,0.2474621822293452,2.1840199238770435,9.079901004729036e-07
PPI,500,100,23,1.0,1.0,-0.011809879501150632,0.0012044646298477635,0.013247193605804447,5.0446334120133455e-09
Classical,500,100,23,1.0,,-0.011809879501150632,0.2564935940984795,2.0257090358621612,5.350629358322124e-06
PPI,500,100,24,1.0,1.0,-0.011809879501150632,0.001148718329320028,0.012506833655750001,6.342425780781879e-09
Classical,500,100,24,1.0,,-0.011809879501150632,0.2554037841285203,1.8247065220881582,1.5951316914531055e-06
PPI,500,100,25,1.0,1.0,-0.011809879501150632,0.0010551658487566295,0.009717644296667837,3.405980825313447e-09
Classical,500,100,25,1.0,,-0.011809879501150632,0.25385997534493626,1.9134757010759254,7.21137475944711e-11
PPI,500,100,26,1.0,1.0,-0.011809879501150632,0.001026370548425317,0.009285187149410705,9.807800710880773e-08
Classical,500,100,26,1.0,,-0.011809879501150632,0.2613475269014159,1.847028936701996,4.1261898651910165e-06
PPI,500,100,27,1.0,1.0,-0.011809879501150632,0.001089369897130299,0.011614818768206334,2.467010073116439e-10
Classical,500,100,27,1.0,,-0.011809879501150632,0.260556905514937,1.5014609710319469,8.740599177744216e-06
PPI,500,100,28,1.0,1.0,-0.011809879501150632,0.0010349631428969931,0.007770414974885239,1.0144555943766441e-10
Classical,500,100,28,1.0,,-0.011809879501150632,0.2643341308809925,1.707547255559569,7.777178813976914e-05
PPI,500,100,29,1.0,1.0,-0.011809879501150632,0.0010224787716310835,0.01005436997040158,9.620299770447307e-10
Classical,500,100,29,1.0,,-0.011809879501150632,0.2672195434034713,1.7126479883984127,1.6772740381411186e-05
PPI,1000,100,0,1.0,1.0,0.0021888510396606124,0.0010737129312065196,0.011821653533909567,1.7294550727330022e-09
Classical,1000,100,0,1.0,,0.0021888510396606124,0.29783707530643305,1.7513057369881377,2.7608823729112924e-06
PPI,1000,100,1,1.0,1.0,0.0021888510396606124,0.0010964324815479428,0.01510993633546043,5.824151876782349e-10
Classical,1000,100,1,1.0,,0.0021888510396606124,0.3039043284628126,1.7998220205905344,1.4665498948442125e-06
PPI,1000,100,2,1.0,1.0,0.0021888510396606124,0.0010595939546617613,0.013624149161617829,5.212944958821466e-10
Classical,1000,100,2,1.0,,0.0021888510396606124,0.30523600781265336,1.4697191394114228,2.7842192196073506e-09
PPI,1000,100,3,1.0,1.0,0.0021888510396606124,0.0010265271118054596,0.012456357268981902,1.8073160335094204e-11
Classical,1000,100,3,1.0,,0.0021888510396606124,0.2895244165631616,1.6296930787172204,4.874070733607102e-08
PPI,1000,100,4,1.0,1.0,0.0021888510396606124,0.001072231018653202,0.010663184108211512,1.8133864392034076e-10
Classical,1000,100,4,1.0,,0.0021888510396606124,0.3022843499751482,1.877354965053088,1.911972250305863e-07
PPI,1000,100,5,1.0,1.0,0.0021888510396606124,0.0010230832140945714,0.009538175621792645,2.3921580522420183e-10
Classical,1000,100,5,1.0,,0.0021888510396606124,0.30025736428175775,1.616274726908495,1.0813074979552709e-07
PPI,1000,100,6,1.0,1.0,0.0021888510396606124,0.0010174668927202953,0.011527191866917428,1.397619048910968e-09
Classical,1000,100,6,1.0,,0.0021888510396606124,0.2964622057655422,1.5806068359932728,3.164159688645311e-08
PPI,1000,100,7,1.0,1.0,0.0021888510396606124,0.0010952704229164184,0.01835704928114484,1.3237239456039022e-09
Classical,1000,100,7,1.0,,0.0021888510396606124,0.30052315578607647,1.9858583754343802,5.550010137745944e-06
PPI,1000,100,8,1.0,1.0,0.0021888510396606124,0.001060550539652218,0.015476168494838228,2.8856372169524648e-09
Classical,1000,100,8,1.0,,0.0021888510396606124,0.30244103801632105,1.443970713673005,2.4169359837278e-06
PPI,1000,100,9,1.0,1.0,0.0021888510396606124,0.0010163875114169618,0.010525172930553064,5.27338984636208e-12
Classical,1000,100,9,1.0,,0.0021888510396606124,0.30362679201774245,1.6570072358791137,3.495767600811698e-06
PPI,1000,100,10,1.0,1.0,0.0021888510396606124,0.0010444925537175958,0.011668015197254791,4.650886509989219e-09
Classical,1000,100,10,1.0,,0.0021888510396606124,0.2931904968997302,1.8268373478108357,1.6453294141474598e-07
PPI,1000,100,11,1.0,1.0,0.0021888510396606124,0.0010739496689677272,0.012731233427612036,1.7278255699057872e-10
Classical,1000,100,11,1.0,,0.0021888510396606124,0.29626492944399,1.5130419910782518,1.0647678544945857e-09
PPI,1000,100,12,1.0,1.0,0.0021888510396606124,0.0010376404377508562,0.012024693697159907,1.0587003479433087e-10
Classical,1000,100,12,1.0,,0.0021888510396606124,0.29954092437692864,1.5560972173454564,7.326865307130382e-07
PPI,1000,100,13,1.0,1.0,0.0021888510396606124,0.0010750291782758569,0.011760629636645425,2.358247658196054e-09
Classical,1000,100,13,1.0,,0.0021888510396606124,0.29530368003083507,2.081619250059309,1.4282311289413668e-08
PPI,1000,100,14,1.0,1.0,0.0021888510396606124,0.0009947084652681228,0.01427173832008811,1.2312174235692802e-10
Classical,1000,100,14,1.0,,0.0021888510396606124,0.29727294107438845,1.7148131109492843,3.8559204810692337e-07
PPI,1000,100,15,1.0,1.0,0.0021888510396606124,0.0010602488896869994,0.017073716443487492,1.4595635421742092e-10
Classical,1000,100,15,1.0,,0.0021888510396606124,0.2939421968915284,1.772567639014139,1.2185424221005521e-06
PPI,1000,100,16,1.0,1.0,0.0021888510396606124,0.0010673703187235983,0.012829628918614127,3.3371150207581225e-09
Classical,1000,100,16,1.0,,0.0021888510396606124,0.2975209655790405,1.8007753873276153,1.1594924458064843e-07
PPI,1000,100,17,1.0,1.0,0.0021888510396606124,0.0010533885884730831,0.012696385608851004,2.3593359187186827e-11
Classical,1000,100,17,1.0,,0.0021888510396606124,0.2959731656322177,1.6996606698003038,7.422202245452268e-07
PPI,1000,100,18,1.0,1.0,0.0021888510396606124,0.0010505009821421823,0.011908628815141367,9.434314586126907e-11
Classical,1000,100,18,1.0,,0.0021888510396606124,0.3092633453690612,1.5889760431074762,2.4331758328476634e-06
PPI,1000,100,19,1.0,1.0,0.0021888510396606124,0.001038043437250785,0.013964720720257411,1.809902107046982e-08
Classical,1000,100,19,1.0,,0.0021888510396606124,0.2969736447970096,1.793778645252641,5.0051381531086814e-08
PPI,1000,100,20,1.0,1.0,0.0021888510396606124,0.001064097863795558,0.014119370528946585,5.6443133495033415e-09
Classical,1000,100,20,1.0,,0.0021888510396606124,0.2997890811942739,1.673759476423027,1.3614910297759399e-08
PPI,1000,100,21,1.0,1.0,0.0021888510396606124,0.0010393946157069105,0.016804233861621738,1.1201489328348847e-11
Classical,1000,100,21,1.0,,0.0021888510396606124,0.3051499645339894,1.6445441430275114,3.4926444383449515e-06
PPI,1000,100,22,1.0,1.0,0.0021888510396606124,0.0010212693176448408,0.013402543230366961,1.6729345291244784e-09
Classical,1000,100,22,1.0,,0.0021888510396606124,0.29477304338870436,1.8296912521915956,1.5378236492228593e-08
PPI,1000,100,23,1.0,1.0,0.0021888510396606124,0.001050992499818917,0.012721459581087405,1.4006408968212858e-10
Classical,1000,100,23,1.0,,0.0021888510396606124,0.29402895649370064,1.76660710271499,8.514483871353132e-08
PPI,1000,100,24,1.0,1.0,0.0021888510396606124,0.0010535017302634485,0.013386470962674,2.1365204880061837e-10
Classical,1000,100,24,1.0,,0.0021888510396606124,0.2985916133088281,1.629930309529357,6.872625835444967e-09
PPI,1000,100,25,1.0,1.0,0.0021888510396606124,0.0010182915191384477,0.015288123579949662,1.4292622272485538e-11
Classical,1000,100,25,1.0,,0.0021888510396606124,0.30225837968356206,1.7349284268684975,1.998260258246122e-06
PPI,1000,100,26,1.0,1.0,0.0021888510396606124,0.001026524961331537,0.011217304450686949,1.6587798115455554e-10
Classical,1000,100,26,1.0,,0.0021888510396606124,0.2945949233481497,1.7663363224605368,1.5713087330175623e-06
PPI,1000,100,27,1.0,1.0,0.0021888510396606124,0.0010532002797961127,0.016147420029217437,4.485037683899294e-10
Classical,1000,100,27,1.0,,0.0021888510396606124,0.30200879627173444,1.7477321298616875,1.2119028322857145e-07
PPI,1000,100,28,1.0,1.0,0.0021888510396606124,0.001014701077395614,0.01213308927218102,1.7131761605708749e-10
Classical,1000,100,28,1.0,,0.0021888510396606124,0.30434991444573195,1.7798871536901224,4.864694582245572e-08
PPI,1000,100,29,1.0,1.0,0.0021888510396606124,0.0010487954137398203,0.01082604216332296,4.592729477677681e-09
Classical,1000,100,29,1.0,,0.0021888510396606124,0.2991077170046265,1.7265452351259258,1.7397198139006453e-09
